5 Bowthorpe Court, Colonnade Gardens, London, W3 7RL
57 Woodham Lane, New Haw, KT15 3ND
12 Oaklands Way, Southampton, SO16 7PA
Little Hayes, Husphins Lane, Codsall Wood, WV8 1RN
7 Laburnum Grove, Southport, PR8 6AU
4 Blaen Dowlais, Dowlais, CF48 3RB
3 Gwaun Y Groes, Cross Inn, CF72 8BD
Penpompren, Ysbyty Ystwyth, SY25 6DA
12 Chilbury Gardens, Owermoigne, DT2 8HR
22 Widworthy Drive, Broadstone, BH18 9BD
11 Eveden Close, Whitwick, LE67 5BE
6 Manners Close, Chinley, SK23 6AU
11 Adelaide Drive, Sittingbourne, ME10 1YB
5 Warrington Road, Ashton In Makerfield, WN4 9PL
Ford Meadow, Thorverton, EX5 5LP
Broderi, Llandovery, SA20 0EJ
167 Westbourne, Telford, TF7 5QW
87 Humberstone Road, Leicester, LE5 3AN
5 Heathfield, Chislehurst, BR7 6AF
Longshoot, Mow Cop, ST7 4NB
2B Fletcher Street, Heanor, DE75 7PE
11 Ginsberg Crescent, Oakgrove, MK10 9SS
Liberal Club, Union Square, St Columb, TR9 6AP
Flat 5, Phoenix Court, West Drive, Birmingham, B5 7RT
3 Bryn Haul, Bryn Road, Llanfairfechan, LL33 0RU
6 Red Cottage, Chesham Road, Wigginton, HP23 6EH
6 Butsfield Gardens, Sunderland, SR3 1PN
5 Maes Y Glyn, Llandeilo, SA19 6DY
Sand House, Sand, BS28 4XG
Apartment 10, Lady Anne Court, Bridge Lane, Penrith, CA11 8RH
8 Southwood Close, Cinderford, GL14 2PR
17 Cyprus Gardens, Exmouth, EX8 2DP
Grenfell Farm, Tower Road, Stawell, TA7 9AJ
10 Welwyn Road, Hertford, SG14 2HG
Dundas Cottage, Dundas Street, Richmond, DL10 7AB
2 Patmore Road, Colchester, CO4 3PN
11 Trinity Mount, Dewsbury, WF13 2DE
Flat 3, Alpine Court, 8 - 10 Palatine Road, Manchester, M20 3JA
Second Floor Flat, 5 Goodge Place, London, W1T 4SD
8 Rowan Close, Portslade, BN41 2PT
First Floor Flat, 2A Kings Cross Road, London, WC1X 9QA
1A Griffin Street, Broughton-In-Furness, LA20 6HH
Flat 1, Melbreak, Rotherwas, HR2 6JP
Cley House, Lewes Road, Ringmer, BN8 5QF
17 Woodrow Drive, Low Moor, BD12 0JT
Queens House, 44 Paragon Street, Hull, HU1 3NQ
22 The Ropery, Whitby, YO22 4EY
13 Lon Farchog, Benllech, LL74 8UL
Blueberry Hill, Leiston Road, Aldringham, IP16 4QW
1 Ennerdale Gardens, Alresford, SO24 9NH
New Found Out House, 8 Alpine Close, Hitchin, SG4 9DZ
47 Station Road, West Horndon, CM13 3TL
19 Creighton Road, London, NW6 6EE
2 Foliage Crescent, Stockport, SK5 8AP
2 Ghyll Grove, St Helens, WA11 7AR
3 Bridge Farm Close, Misterton, TA18 8RD
4 Shervale Close, Wolverhampton, WV4 5UW
1 Old Police Station Yard, Harleston, IP20 9EP
6 Thomason Fold, Turton, BL7 0PD
10 Lopen Road, Hinton St. George, TA17 8SF
161 Ball Road, Llanrumney, CF3 4JD
22 Selby Road, London, N17 8JH
Scriven House, Chorleywood Road, Rickmansworth, WD3 4EX
Llysmynach, Cribyn, SA48 7LZ
2 Porters Vaults, Thirsk, YO7 1LE
Pentwyn, Bacton, HR2 0AP
29 Palmer Street, Walsham Le Willows, IP31 3DA
Lardos, 93 Zion Hill, Coleorton, LE67 8JP
22 Hardwick Court, Gateshead, NE8 3LX
The Old Vicarage, Preston Road, North Shields, NE29 9PJ
Glan Owen, Dinas Oleu Road, Barmouth, LL42 1AY
6 Ash Court, Maybank Road, London, E18 1EN
Eastleigh, Hull Road, Wilberfoss, YO41 5NT
1 Doesmeadow Road, Wirral, CH63 0EB
10 Vaux Crescent, Bootle, L20 0AN
9 The Armoury, Marchwood, SO40 4AX
The Birches, Post Office Lane, Hanwood, SY5 8LR
10 Franklin Street, Clitheroe, BB7 1DQ
9 Edmund Street, Wingham, CT3 1BT
Grey House, South Broomhill, NE65 9RT
1 Stamford Close, Macclesfield, SK11 7TZ
28 New Road, Rugeley, WS15 4BN
127 Bedowan Meadows, Tretherras, TR7 2TB
6 Denham Drive, Yateley, GU46 6LQ
6 Tyrells Gardens, Stoke Hammond, MK17 9DF
242 Horsley Road, Washington, NE38 8HP
92 Bowmandale, Barton-Upon-Humber, DN18 5EA
The Mill House, Hinksford Lane, Kingswinford, DY6 0BH
1 Huish Cottages, South Huish, TQ7 3EJ
1 Birchwood Road, Upton, BH16 5LE
Apartment 17, Scotney House, 2 Groombridge Avenue, Eastbourne, BN22 7FE
2 Adela Shaw, Kirkbymoorside, YO62 6JE
Flat 65, Warburton House, Warburton Street, London, E8 3RS
47 Westminster Court, St Albans, AL1 2DX
22 Moorside Place, Bradford, BD3 8DR
9 Kinloch Drive, London, NW9 7LR
4 The Crescent, Waterloo, L22 3XH
1 St Andrews Drive, Heywood, OL10 2DT
23 Summerfield Road, Watford, WD25 0EY
8 Palmer Close, Redhill, RH1 4BX
4 Mansell Close, Halesowen, B63 2XT
The Lodge, Gretton Road, Weldon, NN17 3AS
4 East Station Road, Aldershot, GU12 4LB
Saxley Lodge, Lodge Lane, Redhill, RH1 5DS
15 George Drive, Parkgate, CH64 6UE
114 Bowen Drive, London, SE21 8PG
6 Bondfield Road, East Malling, ME19 6SQ
Brambles, Christchurch, NP18 1JJ
17 Beaumont Grove, Aldershot, GU11 1YH
Woodcote Farm, Smisby Road, Smisby, LE65 2UH
1 Maple Crescent, Ludgershall, SP11 9PX
30 Peel Drive, Sittingbourne, ME10 3BX
121 Great Horton Road, Bradford, BD7 1PS
19 St Marys Terrace, Coxhoe, DH6 4JB
7 - 11 Chippenhamgate Street, Monmouth, NP25 3DH
27 Hedgeway, Guildford, GU2 7RB
4 Carlton Croft, Wakefield, WF2 6DA
37 Rowley Drive, Newmarket, CB8 0JL
42 St Catherines, Lincoln, LN5 8LZ
2 Edison Court, Highbridge, TA9 3FD
9 Golden Square, London, W1F 9HZ
Manor Cottages, 3 Main Road, Highley, WV16 6NG
14 Seed Hill Terrace, Halifax, HX2 8RG
3 Council House, Wangford Road, Uggeshall, NR34 8AA
14 Fron Wnion Estate, Dolgellau, LL40 1SL
Lower Vinesend Farm, Vinesend Lane, Cradley, WR13 5NH
Tai Ffordd Fawr, Furnace, SY20 8PX
377 Charter Avenue, Coventry, CV4 8BB
47 Heath Road, Wirral, CH63 3BP
62 Maud Road, London, E13 0JU
5 Paganel Drive, Dudley, DY1 4AZ
5 Beechwood Drive, Ipswich, IP3 8UW
Margam Cottage, Margam, SA13 2TD
40 Gaydon Road, Solihull, B92 9BN
24 Linton Road, Penn, WV4 4DS
18 Church Lane, Portland, DT5 2EQ
48 Milton Drive, Ravenshead, NG15 9BE
4 Adeyfield Gardens, Hemel Hempstead, HP2 5JX
40 Pinhigh Place, Salford, M6 8ND
Tanyrallt, Cwm Prysor, LL41 4TR
20 Upper Heathfield Road, Pontardawe, SA8 4LE
6 Thornfield Road, Tottington, BL8 4BX
33 Buckingham Street, Aylesbury, HP20 2NQ
Sandpipers, Watery Lane, Watchet, TA23 0TW
Greenhedge Barn, Thoroton Road, Thoroton, NG13 9DT
2 Edgehill Way, Ashby-De-La-Zouch, LE65 1LH
28A Bath Road, Bournemouth, BH1 2PE
5 Cedar Way, Chapeltown, S35 1PP
15 Shrubbery Road, South Darenth, DA4 9AP
The Mill, Deakins Business Park, Egerton, BL7 9RW
Maltkiln Cottage, Hop Yard, Southwell, NG25 0RT
17 West Street, Belford, NE70 7QB
12 Prospect Place, Halstead, CO9 1DQ
38 Larmour Road, Grimsby, DN37 9HG
Carole, Southfield Road, Chislehurst, BR7 6QR
Fairview, High Street, Wombourne, WV5 9DN
54 Girton Road, Girton, CB3 0LL
2 Milward Close, Haverfordwest, SA61 2SS
9 Warewell Close, Walsall, WS1 2AE
15 Kings Park Road, Southampton, SO15 2AT
63 Rutherford Square, Sunderland, SR5 5JH
17A Cannon Street, Wellingborough, NN8 4DN
11 Temple Close, Burton-On-Trent, DE14 2AG
178 Bridge Street West, Birmingham, B19 2YT
Kildare, London Road, Cosham, PO6 3NB
11 Southway, London, SW20 9JH
Ground Floor And Basement Premises, Kings House, 8 - 10 Haymarket, London, SW1Y 4BP
14 Belbourne Court, Bread Street, Brighton, BN1 1TT
5 Lowery Crescent, Oxley Park, MK4 4BW
53 Cedar Crescent, St Marys Bay, TN29 0XH
Leat Cottage, 2A Par Green, Par, PL24 2AF
The Mill House, Cokethorpe Park, Ducklington, OX29 7PT
53 Station Road, Long Sutton, PE12 9BS
91 West Ham Lane, London, E15 4PA
2 Saltash Road, Keyham, PL2 1QT
5 The Close, Merriott, TA16 5PE
Plot 12 Golwg Y Mynydd, Ammanford, SA18 2PZ
4 The Sidings, Henlow, SG16 6FJ
151 Broad Hinton, SN4 9PN
28 Crowden Way, London, SE28 8HE
Wood House, Whichford, CV36 5HD
62 Pedlars Grove, Frome, BA11 2SY
123 Nutfield Road, Thornton Heath, CR7 7DR
3 Tanygraig, Tanycoed, Talybont, SY24 5EG
Flat 7, Baisley Gardens, Napier Street, Bletchley, MK2 2NE
13 Ajax Street, Rochdale, OL11 3HN
2 Thursby Close, Southport, PR8 3TQ
25 Abbots Road, Burghfield Common, RG7 3LE
St Michaels Mount, Long Hill, Beer, EX12 3HT
3 Osborne Mews, Wimborne, BH21 1GJ
Orchard House, Aislaby Road, Eaglescliffe, TS16 0QL
71 Greenleaf Gardens, Polegate, BN26 6PQ
9 Hurly Lane, Pewsey, SN9 5BZ
6 Wye Cottages, Wooburn Town, HP10 0PN
3 Benton Terrace, Newcastle Upon Tyne, NE2 1QU
Flat 11, Amenic Court, Church Street, Littlehampton, BN17 5EN
55 Mistley Path, Basildon, SS16 4AN
Rose Dene, Cheapsides Lane, Gilberdyke, HU15 2US
66 Portmore Park Road, Weybridge, KT13 8EX
The Croft, The Street, Leonard Stanley, GL10 3NS
4 Bloswood Drive, Whitchurch, RG28 7AZ
3 Minot Close, Malmesbury, SN16 9JG
1A Chase Avenue, Walton Park, MK7 7HG
25 Hillside Avenue, Silverstone, NN12 8UR
6 Berryfield Road, Hordle, SO41 0HQ
30 Briar Lawn, Abbeydale, GL4 5YU
8 Robin Close, Coventry, CV4 8NJ
3 Elan Close, Wymondham, NR18 9LW
7 Ham Road, Shoreham-By-Sea, BN43 6PA
26 Princess Street, Glossop, SK13 8DS
17 St Georges Square, Taunton, TA1 3RX
5 Beadmans Grove, Newport, PO30 2FD
26 Charlton Lane, Bristol, BS10 6SQ
4 Cam Road, Cheltenham, GL52 5QT
19 Lister Ville, Wilsden, BD15 0BA
42 Tudor Road, Doncaster, DN2 6DX
1 Northwood Close, Cheshunt, EN7 6TX
3 Alfred Road, Buckhurst Hill, IG9 6DW
8 Combe Common Cottages, Woodside Road, Chiddingfold, GU8 4QR
1 Llanquian Close, Cowbridge, CF71 7HQ
16A Pinemead, Shefford, SG17 5BG
2 West Street, Stapleton, TA12 6AW
Flat 17, 9 Kean Street, London, WC2B 4AY
Horwell Farmhouse, Baynards Green, OX27 7SQ
3 Northcliffe Drive, Penarth, CF64 1DQ
1 Bannister Lane, Farington Moss, PR26 6PT
98 Thurrock Lakeside Shopping Centre, West Thurrock, RM20 2ZG
Flat 2, Grasmere Court, Wordsworth Road, Worthing, BN11 3JE
34 Hern Road, Brierley Hill, DY5 2PW
101 Clun Road, Wick, BN17 7EG
Hazelbury, Horse Fair Lane, Newent, GL18 1RG
3 Burdett Drive, Walters Ash, HP14 4TL
3 Brownlow Place, Bodmin, PL31 2NP
74 Hahnemann Road, Liverpool, L4 3SA
53 Bassett Terrace, Llanelli, SA15 4DU
8 Caesars Road, Wheathampstead, AL4 8NP
6 Macauley Close, Dukinfield, SK16 5DT
Apartment 190, Warwick Building, 366 Queenstown Road, London, SW11 8PL
47 Sparrow Close, Bradwell, NR31 8SG
56 Hatherley Road, Sidcup, DA14 4AJ
7 Godwin Road, Allington, ME16 0SP
12 Warren Road, Stanion, NN14 1DR
14 Nymet Avenue, Bow, EX17 6LT
9 Sherwood Road, Hampton Hill, TW12 1DF
Denton Delivery Office, Saxon Street, Denton, M34 6AA
1 Fire Lane, Newton Longville, MK17 0AF
101 Coleshill Road, Atherstone, CV9 2AJ
Coromandel, Ford Crescent, Lanchester, DH7 0SW
4 Lees Road, Llandudno, LL30 2LJ
25 Barn Close, Killingworth, NE12 7EA
83 Byron Gardens, Tilbury, RM18 8BE
49 Woodlands Rise, Brandon, IP27 0NS
9 Windsor Drive, Horwich, BL6 6NT
37 Honeycroft, Loughton, IG10 3PR
5 Stoneclough Road, Kearsley, BL4 8EL
Gorton Cottage, Back Lane, Campsall, DN6 9AH
9 Paget Street, Kibworth, LE8 0HW
23 Inglenook Drive, Thorne, DN8 4BX
72 Waddon New Road, Croydon, CR0 1XD
2 Church Path, Earsham, NR35 2TX
Lansdown, Chestal, Dursley, GL11 5AA
Plot C17 Coquet Enterprise Park, Amble, NE65 0PE
208 St Annes Road East, Lytham St Annes, FY8 3HT
Flat 1, Grove House, Cottage Grove, Southsea, PO5 1EL
Seaview House, Seaview Crescent, Goodwick, SA64 0AZ
124A Fernhill Road, Farnborough, GU14 9DR
21 Churchill Way, Burton Latimer, NN15 5RX
Hummerstons Cottage, Cottered, SG9 9QP
Flat 6, 64 Lincolns Inn Fields, London, WC2A 3JX
90 School Lane, Caverswall, ST11 9EN
Arwel, Coed Y Bryn, SA44 5LS
3 Carthouse Cottages, Guildford, GU4 7BB
3 Wood Road, Alford, LN13 9BA
27 The Grove, Brentwood, CM14 5NS
16 Badgers Rise, Woodley, RG5 3AJ
1 Beechcroft Close, Liphook, GU30 7XB
3 Wilson Place, Welton, HU15 1XY
29 Mexborough Road, Bradford, BD2 1BL
76 London Road, Abridge, RM4 1XP
9 Robertsbridge Walk, Carlton Colville, NR33 8SE
16 Lincoln Avenue, Willenhall, WV13 1JQ
33 Norwich Avenue, Bournemouth, BH2 5TG
9 Turner Close, Keynsham, BS31 1LZ
Gazelle, St Vincent Road, St Margarets At Cliffe, CT15 6ET
52A Beech Gardens, London, W5 4AH
5 Greenfields Road, Harrogate, HG2 7BH
Rose Cottage, Norton Green, Freshwater, PO40 9RX
3 Bovarde Avenue, Kings Hill, ME19 4BS
16 Station Road, Westbury, BA13 3JH
61 Huxley Road, London, N18 1NP
Larkhill, Rede Road, Whepstead, IP29 4SS
16 Parklands Way, Poynton, SK12 1AJ
6 Thornfield Street, Salford, M5 5FD
8 Crompton Drive, Liverpool, L12 0JX
High Cross, Pentrefelin, LL68 9RN
17 Hawthorne Road, Bootle, L20 2DG
80 Rowenhall, Laindon, SS15 6SF
24 Milby Court, Leeming Road, Borehamwood, WD6 4EF
75 Wellington Road South, Stockport, SK1 3RU
Flat 6, Lexington House, Long Road, Cambridge, CB2 8BA
2 Shop Hill Cottage, Shop Hill, Alpheton, CO10 9BU
62 Great Howarth, Rochdale, OL12 9HE
Channel Cottage, 1 - 2 Nelsons Square, Smisby, LE65 2UA
Denlands, New Road, Donhead St Andrew, SP7 9EG
Rhosfawr, Llanfair Dyffryn Clwyd, LL15 2SW
Netherbury, Silverhill, Hurst Green, TN19 7QA
27 Pound Farm Road, Chichester, PO19 7PX
1 Bradford Road, Dudley, DY2 0SH
30 Ashbourne Close, Middlesbrough, TS6 9JG
34 Rising Bridge Road, Haslingden, BB4 5BL
78 Kilworth Drive, Lostock, BL6 4RL
54 Lon Tywysog, Denbigh, LL16 4AH
112 Colchester Road, West Bergholt, CO6 3JS
Flat 9, Crescent Court, Seamill Park Crescent, Worthing, BN11 2PP
1 Heather Gardens, Waltham Abbey, EN9 3YF
27 Grange Road, Hayes, UB3 2RP
3 Roy Kilner Road, Wombwell, S73 8DY
3 Orchard Way, Midhurst, GU29 9EE
5 Sharman Close, Stoke-On-Trent, ST4 7LS
5 Osborne Terrace, Evenwood, DL14 9RT
86A Hoe Street, London, E17 4QS
6 Clarke Way, Skegness, PE25 2SQ
Flat 1, Barracks House, 10 Princess Street, Manchester, M15 4HA
Claygate, Claygate Lane, Shipbourne, TN11 9RL
35 Cartlett, Haverfordwest, SA61 2LH
39 Ellison Road, Peterlee, SR8 5NJ
2 Station Road, Bala, LL23 7NG
1 Southill Road, Bournemouth, BH9 1RL
184 Garth Twentyfour, Newcastle Upon Tyne, NE12 6HW
Carfax, Hook Green Lane, Dartford, DA2 7AL
Flat 2, 12 The Circus, Bath, BA1 2ES
Churchills Farm House, Dodpits Lane, Chessell, PO41 0UB
42 King Georges Avenue, Leiston, IP16 4JG
49 Crantock Street, Newquay, TR7 1JJ
10 Tenter Hill, Wooler, NE71 6DQ
1 Cemetery Lane, Preesall, FY6 0PH
6 The Frances, Thatcham, RG18 4LT
Burberry Cottage, 12 Chapel Lane, Stonesby, LE14 4PY
83 Dewsbury Road, Brighouse, HD6 3QE
56 Elmwood Road, Eaglescliffe, TS16 0AF
41 Caddick Close, Bristol, BS15 4QQ
Meonpool, Tanfield Park, Wickham, PO17 5NP
4 Brickyard Court, Reedham Road, Freethorpe, NR13 3LZ
12 Enford Close, Birmingham, B34 7HL
1 Warenton Farm Cottages, Belford, NE70 7HW
9 Westbourne Road, Chorley, PR7 2HS
20 Bryn Onnen, Flint, CH6 5QB
6 Brompton Road, Northallerton, DL6 1DY
Bytheway, Leigh Road, Wimborne, BH21 2BY
8 Langland Close, Callands, WA5 9SW
17 Sudeley Close, Birmingham, B36 9EQ
91 Hildaville Drive, Westcliff-On-Sea, SS0 9RT
23 Capel Gardens, Pinner, HA5 5RE
1 - 3 Iron Bridge Road, Uxbridge, UB11 1BT
21 Blantyre Street, Hindley, WN2 3LX
66 Pemberton Road, Admaston, TF5 0BA
6 Tuffnells Way, Harpenden, AL5 3HH
19 Hewlett Road, Manchester, M21 9WB
4 Birkdale Court, Huyton, L36 0RQ
3 Severn Mews, Stourport-On-Severn, DY13 8BL
55 Bishops Rise, Hatfield, AL10 9BX
Unit 2 Orion Way, Leeds, LS9 0AR
1 Spruce Lane, Ulceby, DN39 6UH
17 Kellett Street, Uxbridge, UB10 0TX
54 Fleet Street, Beaminster, DT8 3EH
18 Boltern Road, Marazion, TR17 0DL
33 Croft Road, Atherstone, CV9 1HG
40 Tamworth Road, Amington, B77 3BT
12 Elder Gardens, Liverpool, L19 9DJ
8 Beehive Close, Nine Elms, SN5 5UL
126 Thornes Lane, Wakefield, WF2 7RB
1 Barnard Close, Clitheroe, BB7 2GX
4 Moyle Road, Padstow, PL28 8DG
Welstead, Frankwell Street, Newtown, SY16 2BU
Pentlands, The Yeld, Bakewell, DE45 1FH
2A Bembridge Court, Hayling Island, PO11 9LZ
46A Upper Richmond Road West, East Sheen, SW14 8DD
16 Bowburn Avenue, Sunderland, SR5 5TU
7A Clwyd Street, Ruthin, LL15 1HF
Flat, 39B Perth Road, St. Leonards-On-Sea, TN37 7EA
49 Mornington Road, Woodford Green, IG8 0TL
155 Clifton Road, Paignton, TQ3 3LS
62 Heritage Green, Kessingland, NR33 7UP
2 Crick Road, Portskewett, NP26 5UL
15 Belle Vue Terrace, Lancaster, LA1 4TY
134 Harrowby Road, Birkenhead, CH42 7HX
Tros Yr Afon, Penmon, LL58 8RN
16 Bollington Close, Prenton, CH43 2GT
14 Staithe Avenue, Leeds, LS10 3LU
3 Riverside Gardens, London, N3 3GR
17 Dunster Close, Romford, RM5 3AU
Alencon, Butcher Brow, Walton Le Dale, PR5 4HJ
Bryn Awen, Cemaes Bay, LL67 0HA
2 Uplands Road, Rowland's Castle, PO9 6BU
2 Cherry Rise, Flackwell Heath, HP10 9PS
1 Pond Cottages, Plaistow, RH14 0PX
Marshaw Bank Barn, Cragg Vale, HX7 5TG
5 Childwall Bank Road, Liverpool, L16 7PH
The Quadrangle, The Ridge, Tisbury, SP3 5SD
Greenways, Church Fields, Hurstpierpoint, BN6 9TU
Flat 10, Ashbourne Lodge, 18A Hazelwood Lane, London, N13 5EP
Wildmans Barn, Mewith, Bentham, LA2 7AP
1 Crescent Cottages, Seascale, CA20 1QB
125 Dixons Hill Road, Welham Green, AL9 7DW
5 Whitton Close, Newton Aycliffe, DL5 4RL
12 Crittall Road, Witham, CM8 3DR
104 Northfields Lane, Brixham, TQ5 8RJ
17 Trojan Court, Grosvenor Road, London, W7 3PR
105 Bereweeke Avenue, Winchester, SO22 6EZ
28 Holly Park Estate, London, N4 4BD
61 Malvern Close, Mitcham, CR4 1EH
10 Hinchcombe Close, Little Hulton, M38 9EJ
31 Dakota Drive, Bristol, BS14 0TE
Mon Repose, Pleasant Harbour, East Aberthaw, CF62 3DB
2C Norfolk Avenue, London, N13 6AG
4 West End, Beaumaris, LL58 8BD
Keepers Cottage, Gatewood Lane, Branton, DN3 3PJ
78 Western Road, Lancing, BN15 8SD
75 The Brambles, West Drayton, UB7 7UH
Minstrels, Dannette Hey, TN8 5LX
10 Hill Top Avenue, Gateshead, NE9 5RY
The Dorset Arms, Withyham, TN7 4BD
20 Chalfont Close, Worcester, WR3 7HL
Hednesford Town Football & Social Club, Keys Park Road, Hednesford, WS12 2DZ
56 Keswick Gardens, Ilford, IG4 5ND
321 - 325 Sheffield Road, Chesterfield, S41 8LQ
63 Northfield Crescent, Wells-Next-The-Sea, NR23 1LR
8 Arequipa Reef, Eastbourne, BN23 5AG
221 Broad Lane, Leeds, LS13 2NJ
4 Coach House Court, Sefton, L29 9AE
2 Mayfield Close, Worthing, BN14 0AG
45 Thorpe Road, Peterborough, PE3 6AN
2 Mill Road, St Helens, PO33 1UD
7 Purcell Close, Cannock, WS11 7UB
Willow Cottage, Tarnock, BS26 2SW
6 Montfort Lodge, Fairlinch Close, Winchester, SO22 6GN
54 Gentian Way, Weymouth, DT3 6FH
44 Bracknell Avenue, Liverpool, L32 9PW
32 Maes Alltwen, Dwygyfylchi, LL34 6UA
2 Malthouse Lane, Lostwithiel, PL22 0EH
7 Camden Close, Birmingham, B36 9BY
12 Kilderkin Court, Smethwick, B66 4TD
4A Houndwood Drove, Street, BA16 9PW
Snipelands, Colne Road, Pebmarsh, CO9 2NB
1 Malvern Villas, Stroud, GL5 1SL
11 Swinburne Avenue, Hitchin, SG5 2RG
22 Longwood View, Crawley, RH10 6PB
1 Woodbine Cottages, Cotherstone, DL12 9PE
Lough House, Little Orton, CA5 6EP
8 Robin Close, Ollerton, NG22 9DS
3 Sunningdale Villas, Combe Martin, EX34 0BY
31 Cabot Road, Yeovil, BA21 5FQ
7 The Crescent, Harlington, UB3 5NA
186 Tyne Crescent, Bedford, MK41 7YL
Montacute House, Victoria Place, Portland, DT5 2AA
The Croft, Laleston, CF32 0LU
140 Chalkhill Road, Wembley, HA9 9AJ
38 Glenwood Avenue, Baildon, BD17 5RP
46 Charterhouse Road, Liverpool, L25 8SU
Downs Cottage, St Agnes, TR22 0PL
2 Redwoods Close, Buckhurst Hill, IG9 5HE
31 Burnedge Lane, Grasscroft, OL4 4DZ
7 Westfield Avenue, Ashton In Makerfield, WN4 9QY
12 Kenilworth Gardens, Gildersome, LS27 7EW
Grooms Cottage, Midville, Stickney, PE22 8HQ
Flat 10, Westbury Court, 23 The Avenue, Beckenham, BR3 5DN
12 Tordoff Road, Low Moor, BD12 0HU
52 Canterbury Road West, Cliffsend, CT12 5DU
Flat 3, Baldwin Court, 83A Highfield Avenue, London, NW11 9TE
6 Uplands Court, Broad Street, Chesham, HP5 3DZ
Apartment 2, Green Moor Heights, 12 Edward Street, Stocksbridge, S36 1BJ
46 Ravenswood Avenue, West Wickham, BR4 0PW
4 Sunridge Close, Swanage, BH19 2BW
Smailes Moor Farm, Robin Hoods Bay, YO22 4PJ
5 Parc An Gew, Helston, TR13 0SH
The Cottage, Watton Road, Larling, NR16 2RA
21 Falkirk Close, Hornchurch, RM11 3QJ
4 Alan Court, Workington, CA14 3ET
Treovis Mill Cottage, Luckett, PL17 8LG
9 Chapel Court, 2 Rosedene Terrace, Leyton, E10 5RX
Springtide, 27 Salisbury Road, St Margarets Bay, CT15 6DL
1 Wessex Court, Bristol, BS7 0DQ
Willow View, Hundall Lane, Apperknowle, S18 4BP
9 Layton Court, Newton Aycliffe, DL5 4RE
Railway Hotel, Railway Street, Newton-Le-Willows, WA12 9QY
7 Garth Close, Bassaleg, NP10 8NX
Flat 12A, Autumn Rise, 14A Sutton Court Road, London, W4 4NG
17 Wood Road, Kings Cliffe, PE8 6XF
39 Cedar Court, Blythe Bridge, ST11 9JE
Martinfield Manor Lodge, Lydd Road, New Romney, TN28 8HB
17 High Street, Cemaes Bay, LL67 0HH
2 Furzeground Way, Uxbridge, UB11 1FJ
3 Castle Crescent, Wingfield, IP21 5RD
75 Ashby Road, Kegworth, DE74 2DJ
58 Livesey Street, Rishton, BB1 4DY
7 Valley Drive, Killamarsh, S21 1GZ
23 Riley Street, Earby, BB18 6NX
3 Crossfield Avenue, Lymm, WA13 0JL
3 Deer Park, Thornbury, BS35 1AT
28 Reeves Avenue, Newcastle, ST5 9LG
16 School Street, Huddersfield, HD5 8AU
4 Dove Court, Easingwold, YO61 3QH
141 Beverley Road, Hessle, HU13 9AS
Flat 7, Lynfield Court, 161 Devonshire Road, London, SE23 3ND
11 Durham Road, East Herrington, SR3 3NS
10 Rocky Lane, Childwall, L16 1JA
23 Barlows Lane South, Hazel Grove, SK7 5AJ
7 Bishops Walk, Kiveton Park, S26 6SA
48 Cliff Street, Whitby, YO21 3DD
2 City Walk, Leeds, LS11 9AR
4 Daleston Avenue, Middlesbrough, TS5 5PA
14 Leadhall Avenue, Harrogate, HG2 9NH
10 Fuller Road, Sunderland, SR2 8QF
227 Buckingham Road, Aylesbury, HP19 9QQ
1 Stad Hen Ysgol, Newborough, LL61 6RA
4 Temple Towers, Richmond Road, Basingstoke, RG21 5PA
Flat 19, Arundel Court, Woodhouse Road, London, N12 9NG
5 Moorend Terrace, Cheltenham, GL53 0EF
2 The Bungalows, Keswick, CA12 4JH
Islwyn, Minffordd, LL48 6EF
3 Tai Newyddion, Ynys, LL47 6TN
82 Everest Drive, Blackpool, FY2 9DW
20A Eastheath Gardens, Wokingham, RG41 2PH
1 Belvide Grove, Birmingham, B29 5ED
74 Beverley Road, Maidstone, ME16 9JR
4 The Timbers, Sutton, SM3 8PZ
92 Eden Park Crescent, Carlisle, CA1 2UF
36 Knowe Road, Carlisle, CA3 9EQ
3 Capton, Williton, TA4 4LX
5 Gardeners Close, Layham, IP7 5NL
6 Serpentine Road, Sevenoaks, TN13 3XP
1 Brookside Cottages, Nesfield, Barlow, S18 7TB
Unity House, Carr Lane, Hyde Park, DN4 5AA
Braemar, Rockcliffe, CA6 4BH
3 Alexander Close, Clifton, SG17 5RB
134 Lyndon Road, Solihull, B92 7QE
29 Kitchener Road, Weymouth, DT4 0LN
50 The Avenue, Sutton, SM2 7QE
32 Redgrave Close, Gateshead, NE8 3JE
Arnside Cottage, Curland, TA3 5SA
Waters Edge, North West Riverbank, Potter Heigham, NR29 5ND
47 Ashfield Grove, Stainforth, DN7 5EF
15 Carlyle Avenue, Northampton, NN5 5NR
28 Bluebell Road, North Walsham, NR28 9ET
18 Maple Ridge Close, Llandrindod Wells, LD1 5NX
3 Fewster Square, Gateshead, NE10 8XQ
Hazelcroft, Wilmington, EX14 9JL
38 Elmfield Square, Gosforth, NE3 4BL
10 Humberville Road, Immingham, DN40 1AG
11 Wilkinson Avenue, Broseley, TF12 5DX
144 Friern Barnet Lane, London, N20 0NL
4 Coronation Street, Shaldon, TQ14 0DQ
21 Blacksmiths Way, Norwich, NR6 7DT
Pitcher & Piano, Coney Street, York, YO1 9QL
Unit 1, The Link, Margate Road, Broadstairs, CT10 2FF
6 Hazel Close, Prudhoe, NE42 5PT
24B Green Meadow, Cefn Cribwr, CF32 0BJ
9 Kemble Close, Lincoln, LN6 0NR
17 Hurricane Road, West Malling, ME19 4TU
18 Common Lane, Ditchling, BN6 8TJ
3 Alfred Road, Buckhurst Hill, IG9 6DW
10 Wervin Mobile Home Park, Wervin, CH2 4BS
2 Annes Gardens, Snodland, ME6 5SW
99 Leatfield Drive, Plymouth, PL6 5EZ
37 Wickham Road, Lower Earley, RG6 3TE
6 Tattersall Close, Northampton, NN3 6DZ
4 Market Parade, London, N9 9HF
2 Marine Parade, Withernsea, HU19 2DR
1 Graham Cottages, Avenue Road, Freshwater, PO40 9UU
6 Meteor Road, West Malling, ME19 4TH
The Platform Apartment, Station Cottages, Chathill, NE67 5DF
Bretherens Farm House, 6 Mill Street, Harbury, CV33 9HR
Flat 15, Thackeray Lodge, Hatton Road, Feltham, TW14 8LU
Southover, The Platt, Dormansland, RH7 6QZ
Chy-Meyn, Trewoon Road, Mullion, TR12 7DT
111 The Fairway, Midhurst, GU29 9JF
8 Melrose Terrace, Bacup, OL13 8QD
The Haven, Hackthorpe, CA10 2HT
18 Church Street, Maesteg, CF34 9AA
45 Wavell Avenue, Poole, BH17 7HH
434 Fullwell Avenue, Ilford, IG5 0FA
1 Hawthorne Cottages, Prospect Place, Staines-Upon-Thames, TW18 2DW
6 Stable Court, Dudley, DY3 1SF
2 Kirtley Drive, Newton-Le-Willows, WA12 8AJ
7 Bourchier Close, Sevenoaks, TN13 1PD
3 Beechfield, Newton On Ouse, YO30 2DJ
18 Wilmer Close, Kingston Upon Thames, KT2 5LX
2A Ash Grove, Middlesbrough, TS6 6SS
2 Dan Yr Eglwys, Bettws, CF32 8TJ
The Penthouse, Flat 6, 31 Cornwall Gardens, London, SW7 4AP
16 Lambs Row, Boston, PE21 9JX
4 William Gardens, Rochford, SS4 1FW
38 Glebe Road, Campsall, DN6 9NY
61 Broad Lane South, Wolverhampton, WV11 3RX
Flat 4, 4 Monson Road, Redhill, RH1 2ET
4 Harland Avenue, Sidcup, DA15 7PG
Old Cottage, Bredenbury, HR7 4TG
6 Checkley Close, Shirley, B90 2BW
39 Cedar Avenue, Ashton On Ribble, PR2 1ST
126 Brasenose Road, Didcot, OX11 7BS
61 Willow Road, South Wootton, PE30 3JN
59 Corona Drive, Thorne, DN8 4DA
4 Elm Grove Cottage, Neals Place Road, Canterbury, CT2 8HX
3 Camera Place, London, SW10 0BJ
14 The Marshes, Hope, S33 6RL
5 Epsom Close, Liverpool, L10 8LT
40 Caxton Way, Watford, WD18 8QZ
1 Hillary Close, Bradwell, CM77 8EJ
Millstone Barn, Southport Road, Scarisbrick, L40 8HE
Harts Hill Cottage, Holt Road, Horsford, NR10 3AQ
1 Larchwood Cottages, Levens, LA8 8PE
16 Berners Street, Wakefield, WF1 4DY
17 Lawson Avenue, Peterborough, PE2 8PL
6 Ashcroft, Dunstable, LU6 1DX
21 Moors Road, Johnston, SA62 3QE
Sunray, Hendra Croft, TR8 5QL
11 Woodlands Close, Storth, LA7 7JH
25 Ox Hey Drive, Biddulph, ST8 7EU
Plot 1, Westpark, Chelston, TA21 9HP
62 Nelson Way, Hevingham, NR10 5PB
16 Beechwood Avenue, Stockport, SK5 7QD
Wannock Lodge, Jevington Road, Polegate, BN26 5NT
Flat 150, Nisbet House, Homerton High Street, London, E9 6AW
22 Upper Batley Low Lane, Batley, WF17 0AL
15 Rectory Farm Road, Sompting, BN15 0DP
7 Hillside, New Barnet, EN5 1LT
14 Linden Close, Huntington, YO32 9RQ
Flat 23, Portman House, 59 - 63 Goldington Road, Bedford, MK40 3NB
40 Herbert James Close, Smethwick, B66 4TF
8 Montgomery Gardens, Sutton, SM2 5HL
4 Park Road, Oxted, RH8 0AL
9 Weston Close, East Chinnock, BA22 9ED
The Buttery, Chance Farm Mews, Kingsbury Road, Curdworth, B76 9DR
62 Lordship Lane, London, N17 7QG
8 Chequer Street, St Albans, AL1 3XZ
9 Fardene Street, Silsden, BD20 9LQ
3 Thrum Fold, Rochdale, OL12 6DG
White Stone, Newby, CA10 3HQ
184 The Dashes, Harlow, CM20 3RX
11 Edinburgh Road, Broseley, TF12 5PF
Pastures Cottage, Valley Truckle, PL32 9RR
The Barn House, Saves Lane, Askam-In-Furness, LA16 7EQ
19 Tawny Close, Birdham, PO20 7FA
42 Gordon Road, Harrow, HA3 5RX
31 Brock Hill, Runwell, SS11 7NW
Three Cross Ways, South Molton Street, Chulmleigh, EX18 7BW
Apartment 405, Westgate House, Ealing Road, Brentford, TW8 0GN
Toftrees, Millers Lane, Outwood, RH1 5QB
7 Ashville Drive, Hurworth, DL2 2JL
Amara, Forest Road, Binfield, RG42 4HL
92 Toronto Road, Gillingham, ME7 2ES
5 Coughton Brook Close, Pontshill, HR9 5WF
35 Putney High Street, London, SW15 1SP
Regaes, Forge Lane, Bredhurst, ME7 3JW
9 Bowland Close, Nunthorpe, TS7 0RE
Eastfield, Driffield Road, North Dalton, YO25 9XB
6 Decapod Street, London, E15 1GE
1 Hayes Lane, Woodmancote, GL7 7EE
6 Bryn Goleu Avenue, Holyhead, LL65 1AA
55 Lower Vickers Street, Manchester, M40 7LX
Tros Yr Afon, Moelfre, LL72 8HG
Cleveland, Pound Street, Lyme Regis, DT7 3JA
2 Granby Road, Stockport, SK2 6ET
Red Brick Cottage, 13 Tormarton Road, Acton Turville, GL9 1HP
Lyndale, Hemyock, EX15 3RL
97 Cambridge Road, Milton, CB24 6AT
65 Romsley Road, Birmingham, B32 3PR
Ashleigh, The Street, Flordon, NR15 1RL
10 Powell Place, Swindon, SN2 2FQ
125 Crewe Road, Shavington, CW2 5DL
Wychwood, 72 Wardhedges, Flitton, MK45 5EH
2 Beaconsfield Mews, York, YO24 4LT
19 Minstead Avenue, Southampton, SO18 5FX
46 Larch Drive, Stanwix, CA3 9FL
Flat 3, 96 Norwood High Street, London, SE27 9NW
8 Newbury Close, Catshill, B61 0SB
30 Church Lane, Eyke, IP12 2QS
Whitehall Cottage, Whitehall Lane, Kings Walden, SG4 8JZ
3A Higher Brook Street, Teignmouth, TQ14 8HY
2 Hesketh Court, Rainford, WA11 8QR
4 Kingwater Close, Brampton, CA8 1PD
100 Wells Road, Fakenham, NR21 9HF
112 Beaufort Avenue, Blackpool, FY2 9AG
2 Chapel Cottages, Main Road, Maryport, CA15 8BT
8 Chesterton Avenue, Hawarden, CH5 3TP
11 Townsend Gate, Berkhamsted, HP4 2FZ
281 Mayall Road, London, SE24 0PQ
68 Torver Way, North Shields, NE30 3UW
Flat 9, Lynwood House, Fortescue Road, Barnstaple, EX32 9FB
52 Heol Y Bryn, Llangynwyd, CF34 9SY
41B High Street, Canterbury, CT1 2RY
14 Link Road, Birmingham, B16 0EP
141 Mere Road, Wigston, LE18 3RN
Beggars Roost, Whitchurch Road, Horrabridge, PL20 7TX
5 Randall Street, Eckington, S21 4FF
67 High Street, Broughton, DN20 0JU
32 Kay Brow, Heywood, OL10 3ES
1 Coppice Close, Bournemouth, BH10 7LA
4 Cockle Close, Newton, CB22 7TW
29 Alexandra Lane, Torquay, TQ1 1JD
33 Gladstone Road, Portslade, BN41 1LJ
Cwm Crogau, Llanfihangel Brynpabuan, LD2 3SG
13A Small Street, Bristol, BS1 1DE
36 Argyle Street, Hazel Grove, SK7 4ET
3 Orchard Way, Southery, PE38 0NX
Carnglaze, Carnglaze Place, St. Ives, TR26 1PX
181 Woodcroft, Harlow, CM18 6YE
82 Doncaster Road, Knottingley, WF11 8NY
10 Ibbetson Close, Churwell, LS27 7SX
34 - 35 Cato Street, London, W1H 5HS
14 Bolton Grange, Yeadon, LS19 7FR
29 Devoke Road, Wythenshawe, M22 1TX
35 Athersley Road, Barnsley, S71 3SE
88 Mayfield Crescent, Eaglescliffe, TS16 0NN
Tyning House, Walnut Buildings, Radstock, BA3 3JL
The Shires, Burnham, DN18 6EF
136 Church Road, Bebington, CH63 3EF
Units 1 And 2 Duchy Road, Heathpark Industrial Estate, EX14 1YD
2 Trustees Close, Denham Garden Village, UB9 5GG
175 Platt Lane, Manchester, M14 7BU
Burnley, Stoke Row, RG9 5QL
Abney Manse, Apsley Side, Mossley, OL5 0DX
6 Duchess Street, Whitley Bay, NE26 3PW
68 Queens Avenue, Meols, CH47 0NA
Bridge Farm, Bungay Road, Thwaite, NR35 2EE
Westsyde Cottage, Heddon Steads, Heddon On The Wall, NE15 0JP
Fach Gron, Dyffryn Ardudwy, LL44 2DD
72 Church Road, Ferndown, BH22 9EX
1 Merediths Close, Wivenhoe, CO7 9GD
7 Oliver Close, Ramsey, PE26 1BB
7 Brampton Close, Armthorpe, DN3 3HZ
Southview, Manor Road, Kempston Hardwick, MK43 9NR
100 Leckhampton Road, Cheltenham, GL53 0BW
Maes-Yr-Haf, Bryn Siriol, Fishguard, SA65 9LL
14 Alisan Road, Poulton-Le-Fylde, FY6 7QF
Flat 47, Primrose Hill Court, King Henrys Road, London, NW3 3QS
9 Locksley Gardens, Winnersh, RG41 5NZ
Flat 213, Clydesdale Tower, Holloway Head, Birmingham, B1 1UJ
5 Moss Street, Lostock Hall, PR5 5BJ
21 Plovers Way, Bury St. Edmunds, IP33 2NJ
4 Berry Court, Boverton, CF61 2LJ
3 Victoria Terrace, Denbigh, LL16 3NE
86 Melbourne Road, Bushey, WD23 3LJ
3 Pinfold Cottages, Kidd Lane, Melbourne, YO42 4QF
14 Pool Farm Road, Acocks Green, B27 7HB
12 Draycott Road, Borrowash, DE72 3GG
The Old Cottage, Hawkes Mill Lane, Allesley, CV5 9FP
22 Fields Road, Haslington, CW1 5SZ
7 Priory Place, Doncaster, DN1 1BL
2 Caroline Crescent, Maidstone, ME16 0TP
191 Maidstone Road, Sidcup, DA14 5AN
3 Siop Newydd Estate, Rhosybol, LL68 9RH
27 Howsin Street, Burnley, BB10 1PP
Far Baulkner Bungalow, Old Rufford Road, Oxton, NG25 0RQ
Flat 2, Edward Bond House, Cromer Street, London, WC1H 8DT
21 - 23 Albert Road, Manchester, M19 2EQ
169 Stapleton Hall Road, London, N4 4QS
8 Dalmeny Road, Bournemouth, BH6 4BN
3 Springfield Court, Northampton, NN3 8NA
92 Lawrence Road, Biggleswade, SG18 0LU
28 Hurn Court Hurn Court Lane, Hurn, BH23 6BH
16 Caledon Avenue, Manchester, M40 9JZ
The Bungalow, Church Lane, East Stoke, NG23 5QF
2 Huthnance Close, Truro, TR1 1YT
2 Foxley Square, London, SW9 7RX
56 Church Lane, Thrumpton, NG11 0AW
7 Dove Court, Ironbridge, TF8 7QF
Garden Flat, 162 Lewisham Way, London, SE4 1UU
4 Sussex Road, Plymouth, PL2 1LA
91 Peppercorn Drive, Northstowe, CB24 1BF
20 Kings Head Road, Mirfield, WF14 9SL
1 St Thomas Close, Prudhoe, NE42 5LU
12 Alan Grove, Fareham, PO15 5HQ
54 Bangor Street, Y Felinheli, LL56 4JE
Apartment 119, Skyline, St Peter's Street, Leeds, LS9 8BT
1 The Vine Yard, Stanton, WR12 7LZ
2 Brookside, Newton Road, Castle Acre, PE32 2BT
4 The Ginnel, Skipton, BD23 2HW
Horwood House, Lydiate Lane, Lynton, EX35 6HE
16 Winston Close, Frimley Green, GU16 6HL
4 Thorley Close, Liverpool, L15 8NA
61 Cornflower Road, Swindon, SN25 1SA
Flat 4, Park Place, 6 Washbrook Road, Birmingham, B8 2DG
21 Frodsham Street, Chester, CH1 3JJ
Bude House, Eaton Bray Road, Totternhoe, LU6 2BN
67 The Mint, Rye, TN31 7EW
Bizzie Lizzies, The Sidings Business Park, Skipton, BD23 1TB
15 Woodlands Lane, Hayling Island, PO11 0JU
71A Frenches Road, Redhill, RH1 2HR
4 Cedar Court, Cedar Close, Bagshot, GU19 5AN
80 Llanrhos Road, Penrhyn Bay, LL30 3HY
The Old Forge, High Street, Whitwell, PO38 2PZ
40 Abbotsbury Road, Broadstone, BH18 9DD
Flat 3, 34 Queens Park West Drive, Bournemouth, BH8 9DD
1 Lionel Road, Tonbridge, TN9 2TD
12 Quadrella Gardens, 129 Fernbank Road, Ascot, SL5 8JF
3 Cow Lane, Edlesborough, LU6 2HT
Lansdown House, Church Street, Morley, LS27 9JQ
5 Town View Road, Ulverston, LA12 7HH
5 Harelaw Close, Pelton, DH2 1TT
Oak Gables, 77 Bakers Lane, Knowle, B93 8PW
Flat 1, 19 High Street, Huntingdon, PE29 3TE
151 Marlborough Road, Gillingham, ME7 5HP
1 Thames Gardens, Wallsend, NE28 8NT
1 Dean Close, Wick, BN17 7ND
36 Kingfield Road, London, W5 1LB
6A Birch Street, Accrington, BB5 1LG
4 Chazey Close, Chazey Heath, RG4 9ET
3 The Copse, Cossington, TA7 8JY
Mays Corner, Berwick, BN26 6TT
227 Marsh Hill, Birmingham, B23 7HY
34 Dalby Court, Welland, PE1 4TH
108 Island Road, Sturry, CT2 0EG
5 Griffiths Close, Duston, NN5 6GG
10 Hardie Crescent, Leicester, LE3 3DQ
Rose Cottage, Winters Lane, Ottery St. Mary, EX11 1AW
33 The Links, St. Leonards-On-Sea, TN38 0UN
2 Yeats Close, Swindon, SN25 4GT
11 The Riggs, Corbridge, NE45 5JX
4 Mill Close, Terrington St Clement, PE34 4JG
Flat 18, Mcintyre Court, Studley Road, London, SW4 6RX
Spare Penny Cottage, Canterbury Road, St Nicholas At Wade, CT7 0LU
28 Vicarage Street, Warminster, BA12 8JE
13 Devon Street, Hartlepool, TS25 5SW
29 West Drive, Neston, CH64 0SA
4 Howard Close, Dawlish, EX7 9DG
95 Oldfield Drive, Vicars Cross, CH3 5LT
44 Hamilton Drive, Shrewsbury, SY2 5UH
Lagget, Kinniside, CA23 3AQ
97 Ark Royal, Bilton, HU11 4BW
30 The Wynding, Bamburgh, NE69 7DD
Brackenber, Newbiggin On Lune, CA17 4ND
45 Framfield Road, Mitcham, CR4 2AU
73 Scarr Bottom Road, Halifax, HX2 7DU
Gelt Bridge Farm, Brampton, CA8 1SY
7 Beamsley Terrace, Leeds, LS6 1LP
Heywood House, 17A Burntwood Avenue, Hornchurch, RM11 3JD
The Coach House, Gerald Road, Prenton, CH43 2LA
8 Merryfield, London, SE3 0SJ
Brexhaven, Selby Road, Monk Fryston, LS25 5EN
2 Rock View, Treharris, CF46 5NF
30 Jerrard Crescent, Honiton, EX14 1EE
2 Blakeney Close, Wirral, CH49 4QZ
7 Park Road, Hucknall, NG15 6LG
36 Duke Street, Broseley, TF12 5LS
3 Burdale Close, Hull, HU9 3NB
210 Roding Lane South, Ilford, IG4 5PP
73 Queens Walk, Peterborough, PE2 9AN
14 Millholme Close, Southam, CV47 1FQ
Unit 2 Watchmoor Point, Camberley, GU15 3AD
1 Little Field, Bideford, EX39 3RP
Chyandour Cottage, North Street, Marazion, TR17 0ED
9 Hazel Walk, Loftus, TS13 4XH
30 Pine Close, Woking, GU21 4SJ
27 Eagle Avenue, Barnsley, S75 1FE
233 Croydon Road, Wallington, SM6 7LR
12 Orchard Gardens, Upper Sapey, WR6 6XP
24 Loring Road, Isleworth, TW7 6QA
Unit 10, The Cattlemarket, Chew Road, Winford, BS40 8HB
130 Kitson Hill Road, Mirfield, WF14 9EG
18 Tollesby Road, Middlesbrough, TS5 7RB
10 Watton Road, Little Cressingham, IP25 6ND
6 Maunders Hill, Otterton, EX9 7JR
42 Noss Mayo, PL8 1EE
14 William Street, Cleethorpes, DN35 8PP
1 Wellington Way, Melton Mowbray, LE13 0TG
69 Redland Drive, Loughton, MK5 8FL
33A Blake Hill Crescent, Poole, BH14 8QP
68 Deerings Road, Rugby, CV21 4ER
52 Doughty Street, London, WC1N 2LS
47 Barley Croft, Harlow, CM18 7QZ
4 Deanwood Walk, Allerton, BD15 9BN
9 Cleaves Terrace, Abersychan, NP4 7EP
3 Kathleen Drive, Kettering, NN16 0QE
3 Llys Y Siglen, Llanrwst, LL26 0PJ
Cherry Hey, New Road, Eckington, WR10 3AR
72 Ruffs Drive, Hucknall, NG15 6JN
3 Clos Trafle, Gowerton, SA4 3BQ
Rosecourt, Old St Clears Road, Johnstown, SA31 3HN
1 Oak Road, Billingshurst, RH14 9XH
Flat 2, 34 Furnival Street, London, EC4A 1JQ
28 Hillcrest View, Leeds, LS7 4EB
2 Sidford Cross, Sidford, EX10 9EN
56 Chalkwell Park Drive, Leigh-On-Sea, SS9 1NJ
45 Booths Farm Road, Birmingham, B42 2NN
21 Llys Dwynwen, Llantwit Major, CF61 2UH
1 Finlay Road, Gloucester, GL4 6TN
2 Meadow Close, Newton Ferrers, PL8 1BT
105 Rosemullion Avenue, Tattenhoe, MK4 3AS
4 The Ridings, Waltham Chase, SO32 2TS
Highland Bungalow, Padeswood Road South, Padeswood, CH7 4JS
15 Wicksten Drive, Runcorn, WA7 5DJ
2 Greystones, Cotehill, CA4 0DS
Flat 28, Landmann House, Rennie Estate, London, SE16 3PF
9 Alchemy Close, Atherton, M46 0TS
18 Pym Court, Cromwell Road, Cambridge, CB1 3FA
320 Wolverhampton Road East, Wolverhampton, WV4 6AY
Land Associated With, 25 Land Associated With, Church Lane, RG12 7BE
95 Manor Road, Smethwick, B67 7HL
Hoylake Delivery Office, 10 The Quadrant, Wirral, CH47 2AA
199 Sharpenhoe Road, Streatley, LU3 3PR
11A Leicester Street, Bedworth, CV12 8JP
10 Broom Street, Swinton, M27 5AN
4 Chopin Road, Port Talbot, SA12 7ST
3 Clay Pit Lane, Olney, MK46 5FQ
Whitehall Cottage, Llanrhychwyn, LL27 0YJ
Grange Cottage, Matching Green, CM17 0PZ
14 Hazel Avenue, Bury, BL9 7QT
45 Carliol Drive, Carlisle, CA1 2RF
1 Hilliers Farm Cottages, St Mary Bourne, SP11 6EE
43 Woodmarket, Lutterworth, LE17 4BX
6 Kimble House, Dalmeny Avenue, London, N7 0JP
Scopemead, Maypole Lane, Goudhurst, TN17 1BP
4 Harcourt Close, Wheldrake, YO19 6AN
4 Cable Road, Wirral, CH47 2AY
168A High Street, Hounslow, TW3 1BQ
12 Blackbird Court, Tarporley, CW6 0PW
240 School Road, Hall Green, B28 8PF
305 Court Road, Orpington, BR6 9BZ
3 Stapleford Drive, Teignmouth, TQ14 8QN
102 Avenue Road, Southampton, SO14 6BB
53A Farm Road, Oldbury, B68 8RD
Vernon House, Beech Road, Whaley Bridge, SK23 7HP
The Haven, West Parade, Hythe, CT21 6BU
31 Braemar Way, Nuneaton, CV10 7LF
51 Larch Grove, Bletchley, MK2 2LG
50 Poplar Avenue, Windlesham, GU20 6PW
23 Roseside Drive, Liverpool, L27 8XL
Flat 4, Monkton House, Old Boars Hill, Oxford, OX1 5JQ
Walton Croft, Hargate Drive, Hale, WA15 0NL
Brooklyn House, Kingsclere, RG20 5QY
6 Southfields, Boxford, RG20 8DB
37 Winchester Crescent, Gravesend, DA12 5RZ
Flat 3, Richmond House, Richmond Gate, Hinckley, LE10 0AF
Graystones Cottage, Turnpike Hill, Marazion, TR17 0BZ
57 Princess Road, London, NW6 5QT
12 Stanhope Road, Longwell Green, BS30 9AH
Brambers, Latchmore Bank, Little Hallingbury, CM22 7PN
9 Fisher Road, Gosport, PO13 0JJ
2A Greenwood Drive, Watford, WD25 0HS
Dormy House Hotel, Willersey Hill, Broadway, WR12 7LF
28 Milner Gate Lane, Conisbrough, DN12 3AZ
17 Mizpah Street, Burnley, BB10 4DD
1 Hillcrest House, 230 - 232 Underhill Road, London, SE22 9ED
Drumadoon, Westbury, SY5 9BZ
4 Claston Close, Dartford, DA1 4SA
Jenford, Bryher, TR23 0PR
Old Wesley House, South Street, Dolgellau, LL40 1NE
55 Bishops Road, Hayes, UB3 2TF
12 Elm Close, Buckhurst Hill, IG9 6HL
Churchill House, Wychwood Close, Charlbury, OX7 3TB
15 Kennedy Crescent, Cholsey, OX10 9QZ
Pentreceithon, Elan Valley, LD6 5HD
4 Knowles Road, Batley, WF17 7RT
14 Arundel Street, Ashton-Under-Lyne, OL6 6RD
542 Manchester Road, Bradford, BD5 7LR
Ground Floor Flat A, 147 Grenville Road, Plymouth, PL4 9QB
30 Waterton Way, Bishops Tachbrook, CV33 9UU
The Cottage, Stockeld Lane, Sicklinghall, LS22 4UA
72 Doncaster Road, South Elmsall, WF9 2JN
4 Broadlea Road, Leeds, LS13 2RZ
Sandancer Night Club, Pavilion Buildings, Barmouth, LL42 1LY
Vealhayes, Kilmington, EX13 7RD
7 Brook Way, Lower Somersham, IP8 4PE
6 Station Terrace, Llanrwst, LL26 0EG
12 Ford Road, Arundel, BN18 9EA
1 Wadsworth, Oxenhope, BD22 9ND
1 Forestry Cottages, Stone House Lane, Peckforton, CW6 9TJ
33A Poringland Road, Stoke Holy Cross, NR14 8NW
22 Beachcombers Apartments, Watergate Bay, TR8 4AB
1 Davey Way, Hurstpierpoint, BN6 9YS
86 West Street, Ewell, KT17 1XH
39 Peebles Avenue, Hartlepool, TS25 5LR
10 Rowan Place, Amersham, HP6 6UR
112 Shackleton Court, Whitley Close, Stanwell, TW19 7DF
3 Millers Walk, Elmley Castle, WR10 3GZ
26 Drakes Avenue, Leighton Buzzard, LU7 3BX
8 Greenway, Findern, DE65 6AQ
26 Lambs Road, Thornton-Cleveleys, FY5 5JL
1 Hooper Gate, Willen, MK15 9JR
13 Nursery End, Barnstaple, EX31 1RA
56 The Street, Little Clacton, CO16 9LF
27 Patterdale Road, Leigh, WN7 2LG
14 Greyfriars Drive, Bisley, GU24 9EE
Orchard View, Stone Drove, Bawdrip, TA7 8QE
6 The Spur, Wickham, PO17 5HR
9 Hilda Road, Mundesley, NR11 8BA
9 Vallings Place, Long Ditton, KT6 5AZ
12 West Parade, Leeds, LS16 5AZ
19 Lime Street, Nether Stowey, TA5 1NQ
Viking Lodge, Haxey Junction, DN9 2NL
22 Coricks Rise, Bishops Castle, SY9 5BB
56 Stone Cross Road, Crowborough, TN6 3DH
24 Beechcroft, Barlaston, ST12 9AW
44 Southmead Close, Mayfield, TN20 6UJ
12 Moverley Way, Aldeburgh, IP15 5LQ
7 Beaufront Road, Camberley, GU15 1NE
6 Eastern Avenue, Queenborough, ME11 5DR
The Vicarage, Burpham Lane, Guildford, GU4 7LZ
9 Starboard Walk, Littlehampton, BN17 6QL
1 Little Tumners Court, Godalming, GU7 2HF
Orchard Lodge, Outgang Lane, Pickering, YO18 7JA
6 Darby Road, Coalbrookdale, TF8 7EL
Flat 6, Cheam House, 1 Dante Road, London, SE11 4RB
3 Bay View Close, Holywell Bay, TR8 5PB
2 Barnett Court, Sunderland, SR5 2HS
2 Margaret Road, Sutton Coldfield, B73 5AJ
10 Hampton Road, Droitwich, WR9 9PA
Flat 303, Albany House, 41 Judd Street, London, WC1H 9QS
63 Crestlands, Alresford, CO7 8AF
Tellam House, Hillhead, PL26 7QQ
The Vicarage, Ashdown Road, Forest Row, RH18 5BW
11 The Hawthorns, Caerleon, NP18 1LX
177 Farriers Corner, Droitwich, WR9 9EX
25 Swaisland Road, Dartford, DA1 3BX
2342 Coventry Road, Sheldon, B26 3LS
1 Albany Street, Oldham, OL4 2NT
Netherleigh, The Green, Curbar, S32 3YH
10 Woodtherne Close, Penkridge, ST19 5JU
5 Minster Road, Daventry, NN11 2PE
139 Medlock Road, Failsworth, M35 9NP
8 Chandlers Reach, Llantwit Fardre, CF38 2NJ
Bryn Moel, Garndolbenmaen, LL51 9TZ
9 Norfolk Road, Romford, RM7 9DL
7 George Street East, Stockport, SK1 4HP
14 Drakes Heath, Lowestoft, NR32 2QH
Blakeston House, Junction Road, Stockton-On-Tees, TS19 9HT
67 Etterby Lea Road, Carlisle, CA3 9JP
13 Eastwood Road, Dudley, DY2 8BU
21 Amesbury Crescent, Hemlington, TS8 9HR
2 Park Close, North Bradley, BA14 0ST
Ceidio Isaf, Llanerchymedd, LL71 7BH
29 Yarborough Road, East Cowes, PO32 6SH
Gunners End Farm, Deep Pool Lane, Chobham, GU24 8AS
16 School Street, Rishton, BB1 4LJ
83 Main Road, Queenborough, ME11 5DJ
4 Anvil House, North End, Keelby, DN41 8HZ
The Beeches, Ainderby Steeple, DL7 9QN
15 Little Park Drive, Feltham, TW13 5HY
National Assembly For Wales, Cardiff, CF99 1NA
17 St Peters Road, Wellesbourne, CV35 9PJ
8 Wellesley Street, Taunton, TA2 7DS
Nant Y Mwyn House, Rhandirmwyn, SA20 0NR
56 Grenville Avenue, Wendover, HP22 6AL
Third Floor Flat, 19 Cornwallis Crescent, Bristol, BS8 4PJ
47 Broom Park, Teddington, TW11 9RS
Strawberry Mill, Llanrwst Road, Colwyn Bay, LL28 5YT
3 River View Cottages, Newnham Bridge, WR15 8QG
16 Maple Avenue, Thornaby, TS17 8NG
196 Cottingham Road, Corby, NN17 1SY
1 The Paddock, Burton Salmon, LS25 5NE
9 Fairway Close, St Marys Bay, TN29 0HG
St. Marys House, Chapel Lane, Ashby St Mary, NR14 7BA
Hill View, Bucks Hill, Kings Langley, WD4 9AL
7 Stubbs Drove, Hedge End, SO30 0FU
3 Bramber House, Middle Road, Lancing, BN15 9JD
3 Arlington Way, Thetford, IP24 2DZ
Flat 9, 66 Anstey Road, Alton, GU34 2RF
Apartment 704, Vm1 Salts Mill Road, Shipley, BD17 7EN
4 Loneacre, Chertsey Road, Windlesham, GU20 6JH
46 Tennyson Avenue, Grangetown, TS6 7NE
16 Bentall Close, Willen, MK15 9HB
Appletree Cottage, Burford, WR15 8HA
Thorpe Lodge, Graig, SA16 0DB
Silver Birch, Maenclochog, SA66 7LF
Yearten House, Water Street, East Harptree, BS40 6AD
273 Esparto Way, South Darenth, DA4 9LQ
Flat 2, Woldhurst Court, Runcton Lane, Runcton, PO20 1AD
37 Madison Park, Westhoughton, BL5 3WA
1 Warwick House, Cranbrook Road, Hawkhurst, TN18 4AS
61 Nickelby Close, London, SE28 8LY
75 Mill Green Court, Pitsea, SS13 3PJ
Kyrle House, Ashbrittle, TA21 0LJ
Lydstep Cottage, Manorbier, SA70 7SJ
120 Allington Drive, Rochester, ME2 3TA
Apartment 802, Beetham Tower, 111 Old Hall Street, Liverpool, L3 9BE
Apartment 13.03, 1 Kings Gate Walk, London, SW1E 6AW
The Lodge, Birch Road, Landkey, EX32 7PE
11 Oxford Gardens, London, N20 9AG
14 Littledown Road, Cheltenham, GL53 9LP
74 Milverton Green, Luton, LU3 3XS
98 Main Road, Harwich, CO12 3LJ
47 Slaley Park, Slaley, NE47 0BG
728A Green Lane, Dagenham, RM8 1YX
Unit A, Coney Green Networkcentre, Wingfield View, Clay Cross, S45 9HX
45 Highfield Lane, Maidenhead, SL6 3AX
32 St Leonards Terrace, London, SW3 4QG
54 Dyall Close, Burgess Hill, RH15 8UD
3 Doniford Meadow, Watchet, TA23 0TL
62 Havant Road, Hayling Island, PO11 0PY
21 Adcombe Road, Taunton, TA2 8EH
5 Corless Fold, Astley, M29 7QR
9 Fairway, Market Harborough, LE16 9QL
68 Grosvenor Road, Luton, LU3 2EG
2 Englesea Way, Alsager, ST7 2ZA
7 Pinfield Lane, Chippenham, SN15 3SU
23 Landbury Walk, Ashford, TN25 4PP
41 Kipling Way, East Grinstead, RH19 1TD
5 Tilburstow Cottages, Tilburstow Hill Road, Godstone, RH9 8LX
Pygmalion, The Glen, Minster On Sea, ME12 2SG
Breidden View, Llanymynech, SY22 6JZ
50 Alpha Terrace, Trumpington, CB2 9HT
26 Atwood Avenue, Richmond, TW9 4HG
Tai Tam, Winchester Road, Botley, SO32 2DH
The Old Post House, High Street, Much Hadham, SG10 6BP
Flat 4, Wykeham Mansions, 35 Rosendale Road, London, SE21 8DX
83 Broad Street, Dagenham, RM10 9HP
24 Holwill Drive, Torrington, EX38 7LQ
8 Keel Way, Cannock, WS11 0FD
1 Haughton Crossroads, Upton Magna, SY4 4GA
129 Westcott Crescent, London, W7 1PH
11 Tutbury Avenue, Perton, WV6 7UR
Belvedere, Deadmans Lane, Stoke Ash, IP23 7EX
15 Smith Close, Piddington, NN7 2DW
13 Pickwick Court, Shifnal, TF11 8DQ
2 Burman Crescent, Liverpool, L19 6PS
3 Dunbar Road, Talbot Woods, BH3 7AY
5 Cole Avenue, Waddington, LN5 9TF
23 Fairview Road, Broadstone, BH18 9AS
Brindle Lodge, Nottingham Road, Barrowby, NG32 1EE
56 Thornton Crescent, Coulsdon, CR5 1LH
3 Arundel Street, Stainforth, DN7 5QT
16 Wright Close, Swanscombe, DA10 0DP
Park Hall, Parkhall Lane, Spinkhill, S21 3YD
49 Pierston Avenue, Blackpool, FY2 9UX
Cernyw, Bontnewydd, LL54 7YE
4 Draper Road, Bournemouth, BH11 8BD
147 Leyton Crescent, Beeston, NG9 1PS
Sunnycroft House, Baglan, SA12 8ES
41 Bethell Avenue, London, E16 4JT
2 Wharfedale Croft, Menston, LS29 6RN
18 Castle Street, Llangollen, LL20 8NU
2 Roses Close, Wollaston, NN29 7ST
2 Berrymede Road, London, W4 5JF
31 Leysdown Road, Birmingham, B27 7JY
Dingley Dell, Park Hall, SY11 4AB
68 Woodcote Road, Wolverhampton, WV6 8LG
13 West View, Waterfoot, BB4 9BH
199 Little Barn Lane, Mansfield, NG18 3JY
Burgh Moor House, Burgh By Sands, CA5 6BH
38 Rana Drive, Church Crookham, GU52 8AJ
110 Cumwhinton Road, Carlisle, CA1 3JD
59 Arthur Street, Gravesend, DA11 0PR
First, Second And Third Floor Maisonette, 36 Moreton Street, London, SW1V 2PD
Little Wenfork, Rezare, PL15 9NU
2 St Edith Close, Epsom, KT18 7LF
The Bridgewater Apartment, 88 St James's Street, London, SW1A 1PL
67 Oxford Street, Swansea, SA1 3JG
36 Marlborough Road, London, E18 1AP
Apartment 44, 75 Little Britain, London, EC1A 7BT
4 - 5 Cowbar Bank, Staithes, TS13 5BZ
3 Carriage Drive, Cleckheaton, BD19 4JN
49 Puttocks Drive, Welham Green, AL9 7LW
Heather Brae, Carr Bank Road, Carr Bank, LA7 7JY
The Jays, Watton Road, Griston, IP25 6QF
8 Ryecroft, Hatfield, AL10 9DD
37 Coldstream Road, Caterham, CR3 5ZB
4 Mount Close, Wombourne, WV5 9ER
4 Russett Avenue, Carterton, OX18 1FL
5 Horseman Court, Kelvedon Hatch, CM15 0XD
12A Burwood Grove, Hayling Island, PO11 9DS
The Lodge, Ashley Road, Epsom, KT18 5BP
The Old Vicarage, Llandygwydd, SA43 2QT
8 Cotswold Lodge, Pittville Circus Road, Cheltenham, GL52 2QP
41 Cockton Hill Road, Bishop Auckland, DL14 6HS
56 Chander Close, Ferndown, BH22 8DW
Withies, Westbrook Hill, Elstead, GU8 6LQ
Flat 3.3, The Exchange, Manor Court, Newcastle Upon Tyne, NE2 2JA
1 Eton Walk, Shoeburyness, SS3 8TB
4 Godstone Court, Holmleigh Road, London, N16 5QW
High Cross Bungalow, Broughton-In-Furness, LA20 6ES
19 Kingfisher Drive, Greenhithe, DA9 9RS
31 Gunners Grove, London, E4 9SR
Fuchsia Cottage, Trumps Green Close, Virginia Water, GU25 4DY
108 Burnley Road, Accrington, BB5 6DW
Flat 4, Stave House, 1 Easdale Street, Swindon, SN25 2PR
17 Glover Road, Sutton Coldfield, B75 7RH
47 Fouracres Road, Newcastle Upon Tyne, NE5 3AX
Troedyrhiw, Crosswell, SA41 3UE
Morwylfa, Dyffryn Ardudwy, LL44 2BH
11 Landing Lane, Riccall, YO19 6PW
Little Croft, Beckside, LA17 7TJ
Rose House Bungalow, Scunthorpe Road, Thorne, DN8 5SH
20 Duncansby Drive, Wirral, CH63 0NY
21 Brockton Street, Northampton, NN2 6EQ
The Smithy, Grinton, DL11 6HJ
9 Oban Terrace, Gateshead, NE10 0BA
Plot 69 Shentonfield Road, Sharston Industrial Area, M22 4RW
Eastwood, Critchmere Hill, Haslemere, GU27 1LS
1 Sampsons Cottages, Top Road, Hooe, TN33 9ER
3 Station Approach, Benton, NE12 8BN
182 Leeds Road, Huddersfield, HD1 6DD
Chedworth, Goonvrea Road, St Agnes, TR5 0AJ
30 Pheasant Rise, Copdock, IP8 3LF
Flat C, 323 Portobello Road, London, W10 5SY
7 Twining Road, Ventnor, PO38 1TX
34 Derwent Gardens, Ilford, IG4 5NA
68 Suttons Lane, Hornchurch, RM12 6RR
5 Whitehall Gardens, Broseley, TF12 5DD
166 Whitebarn Lane, Dagenham, RM10 9LR
1 Ash Close, Worksop, S80 1BJ
24 Ridgeway, Sunderland, SR2 0BG
2 Tyne View Terrace, Corbridge, NE45 5AJ
Poplar Farm Oast, Three Elm Lane, Golden Green, TN11 0LE
2 Brook Street, Renishaw, S21 3UD
7 Merefield View, Whittlesey, PE7 1EY
Scrogg House Farm, Cautley Road, Sedbergh, LA10 5LN
9 Nunn Gardens, Fellside Road, Whickham, NE16 4HZ
111 Kings Weston Avenue, Bristol, BS11 0AH
Pond Close, Cotterstock, PE8 5HB
42 Eversley Crescent, Ruislip, HA4 6DE
1 Cobden Court, Birkenhead, CH42 3YH
10 Latrigg Road, Liverpool, L17 0DD
9 Copper Beech Road, Shavington, CW2 5TA
9 Basford Road, Manchester, M16 0FT
2 Trer Ddol, Pentrefelin, LL52 0RA
20B Cossham Street, Mangotsfield, BS16 9EN
10 Maes Yr Efail, Llanbrynmair, SY19 7DA
3 Buttercup Avenue, Little Hulton, M38 0LR
Flat 4, 89 Fitzjohns Avenue, London, NW3 6NX
43 Palmer Road, Angmering, BN16 4LJ
7 Glenn Avenue, Spalding, PE11 1ER
Skyber, Treal, Ruan Minor, TR12 7LS
7 Arditi Walk, Kings Hill, ME19 4QW
27 Stothard Street, Jarrow, NE32 3AN
342 Devizes Road, Salisbury, SP2 7DP
3 Magdalen Barn, Fifehead Magdalen, SP8 5RR
154 Okebourne Road, Bristol, BS10 6QT
45 Burdock Close, Wymondham, NR18 0YE
58 Oak Road, Partington, M31 4LD
7 Braemar Close, Swindon, SN3 1HY
36 East Road, Chadwell Heath, RM6 6XP
12 Allott Street, Hoyland, S74 0NF
61 Knollbeck Lane, Brampton, S73 0TW
29 Weston Road, Morda, SY10 9NS
47 Frizley Gardens, Bradford, BD9 4LZ
6 Church Lane, Brantham, CO11 1PU
41 Dunblane Avenue, Stockport, SK4 2LY
3 Arley Moss Walk, Manchester, M13 9UW
Maesbury, Darkey Lane, Okehampton, EX20 1JL
Flat 2, 1 Gillbrook Road, Manchester, M20 6WH
5 Wheal Road, Mary Tavy, PL19 9PG
26 Church View, Beaufort, NP23 5HL
7 Melgate Close, Bournemouth, BH9 2EE
56 Dragon Road, Winterbourne, BS36 1BJ
3 Russell Court, Madeley, TF7 5FF
3 Nursery Road, Broxbourne, EN10 6AL
9 Bluebell Place, Mansfield Woodhouse, NG19 9BJ
48 Oatlands Road, Manchester, M22 1AS
Flat 7, 53 Kelly Avenue, London, SE15 5LD
118 High Street, Barry, CF62 7DT
Hares Leap, Berrick Salome, OX10 6JS
Rectory Cottage, Main Street, Escrick, YO19 6LE
102 The Broadway, Chesham, HP5 1DY
31 Bailey Lane, Radcliffe On Trent, NG12 2EG
105 Ravenor Park Road, Greenford, UB6 9QY
2 St Georges Close, Newcastle Upon Tyne, NE2 2TF
2 Clos Nant Mwlan, Pontprennau, CF23 8NA
Flat 55, Corfe Tower, Park Road East, London, W3 8TY
5 Newmarket Road, Nottingham, NG6 8PP
Brock Place, The Rise, Brockenhurst, SO42 7SJ
178 Hadlow Road, Tonbridge, TN9 1PD
4 Richmond, Sunderland, SR2 0BW
64 Alderson Drive, Doncaster, DN2 6DB
2 Tanhurst Walk, London, SE2 9SN
7 Frog End, Great Wilbraham, CB21 5JB
Brickwall House, Birch Road, Layer De La Haye, CO2 0EL
Flat 18, Gatcombe House, Dog Kennel Hill Estate, SE22 8BU
70 Catisfield Crescent, Pendeford, WV8 1XL
5 Chiltern Lane, Eccleshall, ST21 6JJ
40 Ledbury Road, Peterborough, PE3 9RH
13 Fields Grove, Hollingworth, SK14 8JS
Flat 4, 2 Bledisloe Way, Tuffley, GL4 0WQ
5 Katherine Close, Penn, HP10 8ET
Unit 16 Grange Road Industrial Estate, Southwick, BN42 4EN
Apartment 15, Victoria House, Victoria Road, Penrith, CA11 8BD
39 Sidford High Street, Sidford, EX10 9SH
85 Dinsdale Gardens, Rustington, BN16 3NT
15 Elizabeth Road, Seaton, EX12 2DS
2 Proby Close, Yaxley, PE7 3ZF
Summer Cottage, Brynteg, LL78 8JY
7 Long Meadow Views, Hill Hay Close, Fowey, PL23 1ES
Rossreach, Tea Garden Lane, Tunbridge Wells, TN3 9JH
200A Philip Lane, London, N15 4HH
11 Walnut Drive, Pontefract, WF8 4NR
35 New Road, Bournemouth, BH10 7DW
1 Laurice Court, St Mildreds Road, Ramsgate, CT11 0EH
Second Floor, 10 Bedford Street, London, WC2E 9HE
17 Ashgrove Terrace, Brighouse, HD6 3BQ
Flat 16, Windsor Court, 120 Durnsford Road, London, SW19 8UQ
19 Barrowfield Road, Manchester, M22 1RS
10 Fairholmes Close, Thornton-Cleveleys, FY5 2SL
8 Firgrove Court, Farnham, GU9 7QD
130 Fennells, Harlow, CM19 4RP
8 Haynes Road, Westbury, BA13 3HA
51 Shirdley Avenue, Liverpool, L32 7QQ
88 Walton Road, Frinton-On-Sea, CO13 0AG
283 The Common, Holt, BA14 6QJ
243 Dewsbury Road, Ossett, WF5 9QF
3 Silverdale Croft, Sheffield, S11 9JP
6 Letchworth Avenue, Feltham, TW14 9RY
The Cottage, Bunbury Common, Bunbury, CW6 9QE
2 Park Road, Shiremoor, NE27 0LW
45 Ironstone Crescent, Chapeltown, S35 3XT
3 Elmleigh Road, Martock, TA12 6EF
The Old Stables, Leddington, GL18 2EA
Flat 6, 62 R L Stevenson Avenue, Bournemouth, BH4 8EG
149B Balgores Lane, Romford, RM2 6BT
4C High Street, Whittlesford, CB22 4LT
70 Bolton Road, Ashton In Makerfield, WN4 8PF
Flat 2, 56 St James Street, Cheltenham, GL52 2SH
Tamarisk, Fishery Road, Maidenhead, SL6 1UN
7 Mallard Close, Horsham, RH12 2NB
14 St Leonards Walk, Lancaster Park, NE61 3SZ
12 St Owen Street, Hereford, HR1 2PL
4 Conference Close, Willingham, CB24 5JZ
13A Barton Close, Witchford, CB6 2HS
Lyford Cottage, Bedfont Road, Feltham, TW13 4NA
Apartment 3, 1 Barradale Court, Leicester, LE2 1AN
20 Elmerside Road, Beckenham, BR3 4AJ
56 Napier Road, Wolverhampton, WV2 3DX
Properties House, 3 Easter Park, Teesside Industrial Estate, TS17 9NT
Flat 2, Hillfield, 4 Congleton Road, Alderley Edge, SK9 7AA
11 Hotham Road North, Hull, HU5 4NH
5 Seafield Road, Seahouses, NE68 7SL
45 Applegarth Lane, Bridlington, YO16 7LF
9 John Norman Grove, Lightwater, GU18 5AD
54 Lecester Road, Manchester, M8 0RA
Corner Barn, Church Farm Barns, Foyle Hill, Shaftesbury, SP7 8JG
3 Bluebell Grove, Up Hatherley, GL51 3BJ
5 Riverview Place, Kingsbridge, TQ7 1BN
206 Plumstead Road East, Norwich, NR7 9NQ
78 Broad Oak Way, Stevenage, SG2 8QW
108 Pickford Road, Markyate, AL3 8RH
129 Rowan Drive, Broxbourne, EN10 6HQ
The Old Chapel, Longcross, PL19 0PY
24 Haig Avenue, Southport, PR8 6JY
Beach Cafe, Beach Road, St Bees, CA27 0ES
15 Severn Crescent, North Wingfield, S42 5NY
27 Thorne Square, Sunderland, SR3 4PA
15 Park Rise, Petworth, GU28 0HU
39 Farm Close Road, Wheatley, OX33 1XJ
79 Gordon Road, Little Paxton, PE19 6NH
1 High Street, Castor, PE5 7BB
3 Achnacone Drive, Colchester, CO4 5AZ
3 Chatsworth Mews, Sandown, PO36 8RB
9 Trefeddian Terrace, Aberdovey, LL35 0SD
16 Wheelwrights, West Chiltington, RH20 2LX
22 Spiders Lane, Exmouth, EX8 4PN
Holme View, Walton Bay, BS21 7AZ
62 Glenalla Road, Llanelli, SA15 1EG
2 Vicars Close, Enfield, EN1 3DW
1 Richmond Terrace, Cambridge, CB5 8AJ
Unit 9 Coppice Side Industrial Estate, Brownhills, WS8 7EX
2 Main Street, Cold Overton, LE15 7QA
1 Howieson Court, Mapperley, NG3 5UY
Basement And Ground Floor, 107 - 112 Leadenhall Street, London, EC3A 4AF
9 Station Road, Healing, DN41 7LX
57A Station Road, Hayes, UB3 4BE
6 Bro Elidir, Dinorwic, LL55 3EL
190 New Ridley Road, Stocksfield, NE43 7EL
1 - 5 Fleet Walk, Burnley, BB11 1QE
Plot 2, Streamside, Dyffryn Ardudwy, LL44 2BE
2 Portmarsh Lane, Barnstaple, EX32 9HY
3 Pontfaen Close, Knighton, LD7 1HW
22 Hadley Way, Walsall, WS2 7LL
55 Greenway Road, Taunton, TA2 6LD
3 Sagecroft Road, Thatcham, RG18 3FF
5 Linton Mews, Redditch, B98 0TR
2 Downside Close, Charmouth, DT6 6BH
2 Elmfield Place, Leeds, LS12 4DN
Flat 3, Winchester House, Goring Street, Goring By Sea, BN12 5SF
6 High Beeches, Birmingham, B43 6AQ
11 West View, West Bridgford, NG2 7LS
86 Rowley Avenue, Sidcup, DA15 9LG
Court Cottage, St Davids Street, Presteigne, LD8 2BP
51 Edgeworth Crescent, London, NW4 4HA
12 Kincraig Close, Manchester, M11 2JP
4 Lincolns Inn Fields, London, WC2A 3AA
6 Fron Haul, Ruthin, LL15 1JD
37 Thistlebarrow Road, Salisbury, SP1 3RS
54 Joseph Hardcastle Close, London, SE14 5RQ
5 Sparsholt Close, Emerson Valley, MK4 2HJ
Coxs Cottage, Martin Street, Baltonsborough, BA6 8QS
2 Slades Cottages, Bushy Cross Lane, Ruishton, TA3 5LF
32 Grimston Road, Basildon, SS14 3NH
Flat D, 55 Hatton Garden, London, EC1N 8HP
2 Harvest Hill Cottages, Burgess Hill Road, Ansty, RH17 5AH
36 Fairfield Close, Radlett, WD7 8ND
9 Glasfryn Square, Pyle, CF33 6AN
144 Bell Green Lane, London, SE26 5TF
1 Garden View, Wilsden, BD15 0EE
158 Wolverhampton Street, Bilston, WV14 0LZ
3 Piccadilly, New Waltham, DN36 4YQ
Ground Floor Premises, 19 City Road, London, EC1Y 1AG
3 Farm Lane, Street, BA16 9PB
White Cottage, Whitehouse Lane, Wraxall, BS48 1PR
4 Lennox Drive, Wakefield, WF2 8LN
6 Desford Lane, Kirkby Mallory, LE9 7QF
25 The Moors, Kidlington, OX5 2AH
1 Anvil Close, Elton, CH2 4LA
Woodside, Dragons Lane, Leigh Sinton, WR13 5EB
47 Queens Road, Harpenden, AL5 1QW
Ivy Cottage, Moelfre, LL72 8LA
19 Margaret Road, Atherstone, CV9 1EF
Flat 34, Kingfisher House, 61 Walton Street, Aylesbury, HP21 7FS
White Heather, Well Street, Malpas, SY14 8QJ
Southlawns, Bangs Close, Shudy Camps, CB21 4RJ
24 Denchworth Court, Emerson Valley, MK4 2HP
360 Pringle Street, Blackburn, BB1 1TR
72A Pengelly, Delabole, PL33 9AU
218 Abbeyfield Road, Sheffield, S4 7AZ
Ground Floor Flat, 17 Darracott Road, Bournemouth, BH5 2AX
Apartment 2, 40 Westgate Street, Nottingham, NG3 3GA
11 Enfield Gardens, Peterborough, PE3 9RP
93 Gatis Street, Wolverhampton, WV6 0ET
3 Chestnut Avenue, Wheatley Hills, DN2 5SW
21 Burrell Close, Edgware, HA8 8FH
1 Bowerley House, Langcliffe, BD24 9LY
25 Deighton Road, Walsall, WS5 4JZ
Moors House, Station Road, Hook Norton, OX15 5LS
65 Natal Road, London, N11 2HT
51 Church Road, Winscombe, BS25 1BP
2 Lower Pant Y Wennol, Llandudno, LL30 3DS
Woodside, Granville Road, Hockley, SS5 5LF
493 Little Wakering Road, Barling Magna, SS3 0LR
87 Wodeland Avenue, Guildford, GU2 4LA
141 Parkside Road, Bradford, BD5 8EQ
Sea View, Cliff Road, Crafthole, PL11 3BL
West View, Upton Road, Southwell, NG25 0QX
5 Marks Square, Northfleet, DA11 7HT
17 Beech Grove, Hayling Island, PO11 9DP
1 Wordsworth Avenue, Redditch, B97 5BG
Pipe Hall Barn, Abnalls Lane, Lichfield, WS13 8BW
2 Preston Hill Cottages, Preston Vale, Penkridge, ST19 5RA
1A Hazel Grove, Yelverton, PL20 6DX
51 Hastings Road, Sheffield, S7 2GT
27 Segontium Terrace, Caernarfon, LL55 2PH
30 Durcott Road, Evesham, WR11 1EH
Flat 7, 8 West Cliff, Dawlish, EX7 9DN
4 Russet Grove, Coventry, CV4 7HH
Kirklands, Beadlam, YO62 7SS
160 Elm Road, Wisbech, PE13 2SG
Lime Kiln, Red Wharf Bay, LL75 8RQ
6 Mandhill Close, Grove, OX12 7HY
100 Pike Road, Plymouth, PL3 6HQ
2 Summerwood, Wirral, CH61 4YL
Flat 11, Headley House, Longbury Drive, Orpington, BR5 2JN
23 Cotton Lane Flats, Bury St. Edmunds, IP33 1XR
Manor Farm, Caple Lane, Chew Stoke, BS40 8YE
21 Warwick Place, Workington, CA14 2BH
23 Kidderminster Road, Bridgnorth, WV15 6BX
1 Sun Lane, Broadwell, GL16 7HD
328 Saltash Road, Keyham, PL2 2DH
Butlers, The Street, Pleshey, CM3 1HE
42 Langton Way, London, SE3 7TJ
39 Mcnamara Road, Wallsend, NE28 7DY
9 Sorrell Close, London, SW9 6ND
24 Swinderby Close, Worksop, S81 7SD
50 Barnfield Way, Stafford, ST17 4NB
Targate Farmhouse, Targate Road, Freystrop, SA62 4EY
19 Great Winchester Street, London, EC2N 2JA
253 Delffordd, Rhos, SA8 3EP
Norrells House, Send Barns Lane, Send, GU23 7BT
4 Redbank Avenue, Birmingham, B23 7JR
Flat 2, Donton Court, Welbeck Avenue, Southampton, SO17 1SJ
4 Victoria Terrace, St. Bees, CA27 0EL
4 Park View, Wootton Bridge, PO33 4RJ
Ven Tyr Trewothack, Gillan, Manaccan, TR12 6HE
13 Kinross Drive, Bletchley, MK3 7UE
3 Kirby Mount, Wirral, CH48 2HU
Rhyd Y Fro Post Office, Gelligron Road, Pontardawe, SA8 4LU
Wisteria, Bath Road, Woolhampton, RG7 5RS
39 Dunnerdale Road, Clayhanger, WS8 7SJ
90 Corve Street, Ludlow, SY8 1EB
2 Swanbourne Place, Sheffield, S5 7TH
Muddy Fox, 5 The Boltons, Milford On Sea, SO41 0PU
2 The Coppice, Kelvedon Hatch, CM15 0DB
Flat 107, Sugar Quay, 1 Water Lane, London, EC3R 6AP
1A Ormond Road, London, N19 3QG
150 Coltham Road, Willenhall, WV12 5QA
17 Heath Rise, Westcott, RH4 3NN
Andrews Cottage, Waterstock, OX33 1JT
15 Old Orchards, Bierton, HP22 5BY
30 Bourne End Lane, Hemel Hempstead, HP1 2RN
49 Russell Road, London, N20 0TN
72 Woodend Avenue, Crosby, L23 2UA
7 Belgrave Gardens, Bolton, BL1 3TX
46 The Highway, Great Staughton, PE19 5DA
Oldwit, Treknow, PL34 0EN
The Hollies Farm, Bucklesham Road, Foxhall, IP10 0AU
328 Norton Road, Stockton-On-Tees, TS20 2PR
5 Treble House Terrace, Blewbury, OX11 9NZ
45 Meads Court, Carnarvon Road, London, E15 4LB
The Beer Engine, 43 Bute Street, Luton, LU1 2EP
100 Forge Street, Ince, WN1 3DX
4 Bishop Croft, Henfield, BN5 9DA
9 Harlech Crescent, Prestatyn, LL19 8DG
33 Gernon Road, Letchworth Garden City, SG6 3HL
70 Foster Hill Road, Bedford, MK40 2ET
58 Forest Drive, Theydon Bois, CM16 7EZ
30 Longspring, Watford, WD24 6QD
24 Moulton Lane, Boughton, NN2 8RF
Norwich Union Insurance Group, Wellington Row, York, YO90 1WR
286 Hordern Road, Wolverhampton, WV6 0HE
55A Bridge Road, Grays, RM17 6BZ
27 Waterford Drive, Little Neston, CH64 9QN
Town Hall, Town Hall Place, Bovey Tracey, TQ13 9EG
3 Telford Road, London, W10 5SH
38 Forge Road, Crawley, RH10 1RJ
Capri, Whitesfield, East Bergholt, CO7 6SP
Harbour Lights, Higher Town, TR25 0QL
5 Golding Close, Chessington, KT9 2GG
Flat 9, Ash House, East Ferry Road, London, E14 3LF
2 The Orchard, Heslington, YO10 5DA
2 Rutherford Close, Choppington, NE62 5DT
326 Roman Road, Mountnessing, CM15 0TZ
16 Park Rise, Dawlish, EX7 9RT
6 Eastfield Hall Lodges, Eastfield, NE65 0YG
374B Northolt Road, Harrow, HA2 8ES
1 Brookside Close, Farington Moss, PR26 6PW
25 Longford Road West, Stockport, SK5 6EU
21 Millers Lane, Stanstead Abbotts, SG12 8AF
1 Oak Terrace, Totland Bay, PO39 0HX
9 Dryden Close, Willenhall, WV12 5HT
1 Oaklands Drive, Styrrup, DN11 8NQ
8 Meadow Way, Hemel Hempstead, HP3 0AT
4 Valley View, Park Road, Elland, HX5 9HU
The Towers, Alt Road, Hightown, L38 3RE
26A Furtherwick Road, Canvey Island, SS8 7AE
Flat 1, Gilberts Hill School House, Dixon Street, Swindon, SN1 3PD
Apartment 733, 6 Leftbank, Manchester, M3 3AE
202 Birkby Hall Road, Huddersfield, HD2 2XD
1 Moat Coppice, Woodgate, B32 4AF
3 Pullman Close, Wirral, CH60 1YW
6 Romani Court, Hilltop Lane, Saffron Walden, CB11 4BW
50 Pochard Crescent, Herne Bay, CT6 5SZ
Teigncroft, 24 Bitton Park Road, Teignmouth, TQ14 9BX
Flat 16, St Marys Court, Sansome Walk, Worcester, WR1 1NU
267 Nine Ashes Road, Nine Ashes, CM4 0LB
35 Thrandeston Road, Brome, IP23 8AT
Higher Leigh, Kingsbridge, TQ7 4AG
28 Grange Park Road, Chapel En Le Frith, SK23 0LJ
8 Chester Street, Oldham, OL9 7BD
58 Tiverton Close, Kingswinford, DY6 8NZ
Brandram, Great North Road, North Mymms, AL9 6DA
2 Roper Close, Blaby, LE8 4BS
17 Harcourt Mews, Romford, RM2 5BN
Hillside, Botley Road, Bishops Waltham, SO32 1DR
21 Midland Road, Bramhall, SK7 3DY
38 Riley Park, Kirkburton, HD8 0SA
Flat 7, Summer Court, Wellcombe Crescent, Eastbourne, BN20 7XW
129 Lark Vale, Aylesbury, HP19 0YP
6 Sibleys Rise, South Heath, HP16 9QQ
8 Belmont Park, Holymoor Road, Holymoorside, S42 7DS
135 Redworth Road, Shildon, DL4 2JP
15 Send Barns Lane, Send, GU23 7BP
15 Bro Stinian, Fishguard, SA65 9RF
14 Hillcrest Road, Prestwich, M25 9UD
Keepers Cottage, Llanelli, SA14 8EX
9 Larch Grove, Prenton, CH43 7FF
14 South Court, Hamble, SO31 4LY
33 Broadfields Avenue, London, N21 1AG
1 Church Street, Sulgrave, OX17 2RP
83 Primmers Place, Westbury, BA13 4QZ
11 Rushberry Avenue, Manchester, M40 0GL
15 Isabella Road, London, E9 6DX
56 Moorside Drive, Drighlington, BD11 1JA
33 Mansfield Street, Quorn, LE12 8BE
Stonecrest, Stoneybank Road, Holmfirth, HD9 7SL
8 Matfield Close, Ashford, TN23 5FD
Ayngstree Mill Cottage, Clifton On Teme, WR6 6DS
Flat 384, Russell Court, Woburn Place, London, WC1H 0NH
23 Lowgate, Hull, HU1 2AA
19 Whistler Gardens, Poole, BH17 8AE
46 Viking Way, Bar Hill, CB23 8EL
East Delivery Office, Canada Street, Manchester, M40 8AA
1 Sunfield Terrace, Marsh, BD19 5DA
2 South Victoria Terrace, Bamburgh, NE69 7BU
29 Deansway, Northampton, NN3 5JY
5 East Terrace, Skelton In Cleveland, TS12 2EL
2 Gordon Drive, East Boldon, NE36 0TD
15 Elkins Road, Wymondham, NR18 0LF
Woodhampton End, Weather Lane, Astley Burf, DY13 0SF
8 Raseby Avenue, Waterthorpe, S20 7HE
56 Coleridge Street, Hove, BN3 5AD
Briar Croft, Berry Bank Road, Grange-Over-Sands, LA11 7EJ
20 Mossman Drive, Caddington, LU1 4EX
8 Balmoral Avenue, Bedford, MK40 2PT
8 Strathcona Way, Flackwell Heath, HP10 9NQ
16 South Snowdon Wharf, Porthmadog, LL49 9ND
18 Arundel Way, Leyland, PR25 4YQ
19 The Fairway, Littlestone, TN28 8PJ
35 Somerset Road, Heswall, CH61 8SN
27 School House Drive, Seamer, YO12 4PP
Mount Pleasant, Corbridge, NE45 5RT
37 Everard Close, Worcester, WR2 6ET
96 Crestway, London, SW15 5DD
Flat 1, Crown Place, Britannia Road, Bedford, MK42 9HD
11 South Street, Barnsley, S70 6HN
354 Barry Road, Barry, CF62 8HH
Lower Farm, Hope Bowdler, SY6 7DD
5 Churchill Gardens, Zeal Monachorum, EX17 6EG
342 Hursley Road, Chandler's Ford, SO53 5PL
8 Marlborough Road, Goring By Sea, BN12 4HA
Bwthyn Rhosyn, Water Street, Llanerchymedd, LL71 8DR
72 Radipole Lane, Weymouth, DT4 9RS
2 Orchard Loke Long Lane, Southrepps, NR11 8NN
21 Rhyddwen Road, Craig Cefn Parc, SA6 5RA
79 Valley Road, Portslade, BN41 2TP
32 Great Mersey Street, Liverpool, L5 7SU
Aldynne Villa, Bearpark, DH7 7BL
17 Prince Andrew Crescent, Rubery, B45 0LZ
Acorn Cottage, Redbourne, DN21 4LG
8 Tilehouse Way, Denham, UB9 5HZ
Corner House, Parka Road, Fraddon, TR9 6JR
3 Percy Street, Lincoln, LN2 5ET
5 New Park House, Old Park Road, Clevedon, BS21 7HU
5 Oswald Lane, Manchester, M21 9QA
147 Lower Blandford Road, Broadstone, BH18 8NT
142 Green Lane, Sandown, PO36 9NL
33 Woodlands Road, Epsom, KT18 7HW
143 Great Charles Street, Walsall, WS8 6AL
1 Chapel Green Cottages, Chapel Green, Wokingham, RG40 3ER
38 Wood Street, Birkenhead, CH41 3LU
272 Victoria Drive, Eastbourne, BN20 8QX
74 Scwrfa Road, Scwrfa, NP22 4AY
2 Cumberland Terrace, London, SE20 8UU
19 St Edwards Road, Southsea, PO5 3DH
Packwood Grange, Old Warwick Road, Lapworth, B94 6JZ
12 Otter Close, Downham Market, PE38 9HB
The Slip, Buildwas Road, Ironbridge, TF8 7BN
18 Barham Road, Hull, HU9 4TY
6 Steeple Close, Poole, BH17 9BL
16 Bindon Abbey, Bedford, MK41 0AZ
24 Ely Crescent, West Bromwich, B71 2SD
1 Wide Lane Close, Brockenhurst, SO42 7TU
High Rigg, Top Road, Summerhill, LL11 4TE
Manor Farmhouse, Silver Street, Fernham, SN7 7NZ
76 Old Road, Conisbrough, DN12 3LU
115 Hazelbank Road, London, SE6 1LT
9 Verriers, North Petherton, TA6 6SX
113 Framingham Road, Sale, M33 3RL
17 Wrenbeck Close, Otley, LS21 2BU
15 Morton Walk, Newton Aycliffe, DL5 4HS
7 Addison Road, Haverfordwest, SA61 1UB
Derwent House, Whittonstall Road, Chopwell, NE17 7JZ
Flat 10, Earnshaw House, Percival Street, London, EC1V 0HT
243 Ellesmere Road North, Sheffield, S4 7DN
4 The Coldra, Newport, NP18 2LP
Berthllwyd Bungalow, Beulah, LD5 4UN
St Valery, Canterbury Road, Challock, TN25 4DP
Avalon, Llandogo, NP25 4TA
3 Blackthorn Grove, Telford, TF5 0LL
11 Bedw Farm Estate, Porth, CF39 9ES
Furness Croft, Finn Farm Court, Kingsnorth, TN23 3BF
7 Hathern Gardens, London, SE9 3HW
Dolafon, Dulas, LL70 9EJ
3 Knowle Close, Northampton, NN3 3LW
23 Greenway, Billericay, CM11 2JP
Flat 5, 58 Castle Hill Avenue, Folkestone, CT20 2QR
17 Cobbs Walk, Rowley Regis, B65 8PP
Manor Cottage, The Street, Hullavington, SN14 6DR
61 Peregrine Drive, Chelmsford, CM2 8XY
242 Barford Street, Birmingham, B5 7EP
1 Shore Road, Poole, BH13 7PQ
Corner Cottage, Main Street, Oxton, NG25 0SA
1 Fitzgerald Park, Binfield, RG42 4FN
29 Kingsway, Crewe, CW2 7NB
14 Windmill Bank, Wombourne, WV5 9JD
